title,category,volatility,minBet,lookFor,stopPlaying,playWhen,stopWhen
"88 Fortunes Emperor","counter-meter","high","$0.88","Counter at 15+ (counter glows when ready) | Check each denomination separately (counter shown above 5th reel or on bet panel)","After free games trigger (counter resets to 8)","<strong>Primary Requirement:</strong> - Free games counter: ‚â• <strong>15</strong>  **Counter Location:** - Above 5th reel (right side) - Also visible on bet panel  **How to Check:** - Look at bet panel to see counter for each bet level - Check all denominations  | Counter | State | Action | |---------|-------|--------| | 8‚Äì13 | ‚ùå Cold | Walk away | | 14 | ‚ö†Ô∏è Early | Risky play | | 15+ | ‚úÖ **Play** | Counter glows | | 18 | üé∞ Trigger | Must hit |  ---","- Free games trigger - Counter resets to <strong>8</strong>  ---"
"Alien Heroes","accumulation","medium","$0.88","2 stars in all 3 containers (kung fu/ninja/cowboy on right side of reels) | Any active hero feature (alien with flames on top of container)","After triggering any hero feature (free games bonus)","**Option A ‚Äî All Containers Ready:** - All <strong>3</strong> containers have <strong>2</strong> stars each - Kung Fu: 2 stars ‚úì - Ninja: 2 stars ‚úì - Cowboy: 2 stars ‚úì  **Option B ‚Äî Active Hero Feature:** - Alien with **flames** visible on top of any container  ---","- Any hero feature triggers - Free games bonus completes - Re-evaluate star counts  ---"
"Aztec Banner / Pegasus Banner","multi-state","high","$0.88","3+ card symbols active above reels (check spin counters below each) | 2 symbols active with 5+ spins each (verify on bet pad)","All card symbol activations expire (counters reach 0)","**Option A ‚Äî Three Active (Recommended):** - <strong>3+</strong> card symbols active above reels - Check spin counter below each card  **Option B ‚Äî Two Active (Aggressive):** - <strong>2</strong> card symbols active - Both have <strong>5+</strong> spins remaining - Higher variance, but activating 3rd card covers losses  **How to Check:** - Look at bet pad for active card count - Spin counter visible below each card symbol  ---","- All card symbol activations expire (counters reach 0) - Re-evaluate after any banner lands  ---"
"BIG OCEAN JACKPOTS","counter-meter","high","$0.88","3+ wild bubbles anywhere except top row (ignore jackpot bubbles showing mini/minor/maxi)","After wild bubbles trigger (poker symbols turn wild)","‚ö†Ô∏è **CRITICAL:** Do NOT count bubbles on top row‚Äîthey exit next spin.  <strong>Primary Requirement:</strong> - <strong>3+</strong> wild bubbles anywhere except top row  **Why Wild Bubbles:** - Reel position doesn't matter - Value comes from poker symbols turning wild after trigger - Creates cascade of wild wins  ---","- Wild bubbles trigger (poker symbols turn wild) - All wild bubbles move off top of screen  ---"
"Blazin‚Äô Diamond / Lightning Wilds","multi-state","high","$0.88","","After Pay Upgrade spins reach 0 (check all bet levels before leaving machine)","<strong>Primary Requirement:</strong> - ""Pay Upgrade Active"" banner visible above pay table - Spins remaining counter > 0  **How to Spot:** | Indicator | Location | |-----------|----------| | ""Pay Upgrade Active"" banner | Middle of screen, above pay table | | Spins remaining | Below the banner | | Upbeat music | Plays when switching to active bet level |  ---","- Pay Upgrade spins reach 0 - **Check all bet levels before leaving** (may be active on different denomination)  ---"
"Blazing X","counter-meter","high","$0.88","Any active multiplier (2x/3x/5x/10x/25x) with 1 or more spins remaining (check bet pad above each bet level)","After remaining spins reach 0 (multiplier resets)","<strong>Primary Requirement:</strong> - Any active multiplier with <strong>1+</strong> spins remaining  **How to Check:** - Look **directly on bet pad** - Shows multiplier and spins remaining above each bet level  | Multiplier Active | Spins Left | Action | |-------------------|------------|--------| | 2x‚Äì25x | 1+ | ‚úÖ **Play** | | None | 0 | ‚ùå Walk away |  ---","- Remaining spins reach <strong>0</strong> - Multiplier resets (unless you triggered a new one)  ---"
"BLOCK BONANZA","counter-meter","high","$0.88","First 3 columns total 38x+ bet | Yellow block in columns 1-3 (not the smallest 16.6x) | Multiple red/green blocks worth calculating","Target blocks won and replaced with lower-value blocks","**Option A ‚Äî Yellow Block:** - Yellow block in columns <strong>1‚Äì3</strong> - ‚ùå **EXCEPT:** Smallest yellow (16.6x bet)  **Option B ‚Äî Value Calculation:** - Total value of blocks in first 3 columns ‚â• <strong>38x</strong> bet - Example: $3 bet ‚Üí Need $114+ total  **Quick Assessment:** - Don't calculate if only purple/blue blocks - Look for yellow OR multiple red/green blocks first  | What You See | Action | |--------------|--------| | Yellow in columns 1‚Äì3 (not smallest) | ‚úÖ **Play** | | Multiple red/green, total ‚â•38x | ‚úÖ **Play** | | Only purple/blue blocks | ‚ùå Walk away | | Best blocks only in columns 4‚Äì5 | ‚ùå Walk away |  ---","- Target blocks won and replaced with lower values - Block values drop below <strong>38x</strong> threshold - Blocks shift off screen  ---"
"Blooming Penzai","counter-meter","high","$0.88","3+ fully gold trees (green rim and gold orb on pot) | Total prizes above all 5 reels = 100x+ bet (spread across multiple reels preferred)","After Blooming Gold feature triggers and awards prizes (trees reset to green shrubs)","**Option A ‚Äî Total Value:** - Total prizes above all 5 reels ‚â• <strong>100x</strong> bet - Prizes should be **spread across multiple reels** (lowers variance)  **Option B ‚Äî Gold Tree Count:** - <strong>3+</strong> fully gold trees - Look for: Green rim + gold orb on pot  **Option C ‚Äî Four Gold Trees:** - <strong>4</strong> fully gold trees - Almost always a play - ‚ùå **EXCEPT:** All 4 recently turned gold (low prize values)  | Gold Trees | Total Value | Action | |------------|-------------|--------| | 0‚Äì2 | Below 100x | ‚ùå Walk away | | 3+ | Any | ‚úÖ **Play** | | Any | 100x+ bet | ‚úÖ **Play** |  ---","- Blooming Gold feature triggers and completes - Trees reset to green shrubs - Prize totals drop below threshold  ---"
"Bubble Blast / Spells ‚ÄôN Whistles / Trials of Atlantis","counter-meter","high","$0.88","Total bubble values 5x+ bet size (exclude top row - those leave next spin) | Check below bottom row for incoming bubbles","After bubbles collected and total remaining value drops below 5x bet","‚ö†Ô∏è **CRITICAL:** Do NOT count bubbles on top row‚Äîthey leave next spin.  <strong>Primary Requirement:</strong> - Total bubble credit value ‚â• <strong>5x</strong> bet size - Example: $5 bet ‚Üí Need $25+ in bubble values  **Also Check:** - Bubbles below bottom row (moving into play next spin) - If credit value obscured ‚Üí Play anyway to reveal it  **Bubble Position Check:** | Row | Counts Toward Total? | |-----|---------------------| | Top row | ‚ùå No (exits next spin) | | Middle rows | ‚úÖ Yes | | Bottom row | ‚úÖ Yes | | Below bottom | ‚úÖ Yes (incoming) |  ---","- Bubbles collected and remaining total drops below <strong>5x</strong> bet - All bubbles move off top of screen  ---"
"BUBBLE MANIA","counter-meter","high","$0.88","Total bubble values 5x+ bet (exclude top row) | Any giant bubble (2+ reels wide) regardless of value | Check below bottom row for incoming bubbles","All bubbles move off top of screen with no valuable bubbles remaining below","‚ö†Ô∏è **CRITICAL:** Do NOT count bubbles on top row‚Äîthey leave next spin.  **Option A ‚Äî Total Value:** - Total bubble credit value ‚â• <strong>5x</strong> bet size - Example: $3.75 bet ‚Üí Need $18.75+ in bubble values  **Option B ‚Äî Giant Bubbles:** - Any giant bubble (2+ reels wide) - Play regardless of credit value - Giant bubbles = 2, 3, or 4 reels wide  **Option C ‚Äî Hidden Bubbles:** - Bubbles visible below bottom row - Credit value obscured ‚Üí Play anyway to see value  **Bubble Position Check:** | Row | Counts Toward Total? | |-----|---------------------| | Top row | ‚ùå No (exits next spin) | | Middle rows | ‚úÖ Yes | | Bottom row | ‚úÖ Yes | | Below bottom | ‚úÖ Yes (check for incoming) |  ---","- All bubbles move off top of screen - No valuable bubbles remaining below bottom row  ---"
"BUFFALO LINK","counter-meter","high","$0.88","Buffalo head counter at 1610+ (green text above 5th reel) | Use $1 bill trick to check all bet levels without spinning","After hold & spin or free games feature triggers (counter resets to 100)","<strong>Counter Requirements:</strong> - Counter ‚â• <strong>1610</strong> - Counter displayed in **green text** above the 5th reel  <strong>Location:</strong> - Check the counter above the **fifth reel** - Use $1 bill trick to check all bet levels without spinning  ‚ö†Ô∏è **IMPORTANT:** This threshold is conservative. Some APs play at 1350+, but data supports 1610+ for consistent profitability.  ---","- Hold & Spin feature triggers (counter resets to 100) - Free Games feature triggers (counter resets to 100) - Bankroll loss exceeds your predetermined limit  ---"
"Cai Fu Long","accumulation","medium","$0.88","Must show","After coins turn wild on final spin | After hold & spin feature completes (if 6 coins triggered it)","**BONUS BOOST Bets** (labeled on bet pad):  | Coins | Requirement | Action | |-------|-------------|--------| | 1 | ‚Äî | ‚ùå Never play | | 2 | At least 1 coin in reels 1‚Äì3 | ‚úÖ Play | | 3+ | ‚Äî | ‚úÖ Always play |  **NON-BONUS BOOST Bets** (labeled on bet pad):  | Coins | Requirement | Action | |-------|-------------|--------| | 1 | ‚Äî | ‚ùå Never play | | 2 | 2 coins in reels 1‚Äì3, **different reels** | ‚úÖ Play | | 3 | At least 1 coin in reels 1‚Äì3 | ‚úÖ Play | | 4+ | ‚Äî | ‚úÖ Always play |  ---","- Coins turn wild on final spin - Hold & spin feature completes (if 6 coins triggered it)  ---"
"Captain Riches / Tiki Fortune / Mine Blast","accumulation","medium","$0.88","Active wild on reel 2 or 3 (glowing gold border with coins above showing spins remaining) | Active wild on reel 4 only if 2x or 3x multiplier coins are above","After wild spins complete (coins above deplete to 0)","**Active Wild in Reel 2 or 3:** - Glowing gold border around reel ‚úì - Coins visible above showing spins remaining ‚úì - ‚ùå If gold border but NO coins above ‚Üí Do NOT play  **Active Wild in Reel 4:** - Only if multiplier coins (2x or 3x) visible above that reel - Regular coins in reel 4 = Not worth it  | Reel | Active Wild | Multiplier Coins | Action | |------|-------------|------------------|--------| | 2 | ‚úÖ Yes | Any | ‚úÖ **Play** | | 3 | ‚úÖ Yes | Any | ‚úÖ **Play** | | 4 | ‚úÖ Yes | 2x or 3x | ‚úÖ **Play** | | 4 | ‚úÖ Yes | None | ‚ùå Skip | | Any | Gold border only | ‚Äî | ‚ùå Skip |  ---","- Wild spins complete (coins above deplete to 0) - No active wilds remaining  ---"
"CASH FALLS","accumulation","medium","$0.88","Reel 3, 4, or 5 is 1 coin away from full | Both reels 1 and 2 are 1 coin away | Advanced: total value of coins in 1-away reels is 6x+ bet (look for glowing blue outlines on bet pad)","After reel fills and awards prizes | Spin counter reaches 0","**Option A ‚Äî Simple (Recommended):** - Reel <strong>3</strong>, <strong>4</strong>, or <strong>5</strong> is <strong>1</strong> coin away from full  **Option B ‚Äî Combined Reels 1+2:** - Reel <strong>1</strong> is <strong>1</strong> coin away **AND** - Reel <strong>2</strong> is <strong>1</strong> coin away  **Option C ‚Äî Advanced (Value-Based):** - Add up all coin values in reels that are <strong>1</strong> coin away - Total ‚â• <strong>6x</strong> bet size ‚Üí Play  **Option D ‚Äî Aggressive (2 Coins Away):** - Total coin value ‚â• <strong>25x</strong> bet size ‚Üí Play - Only for reels <strong>2</strong> coins away  **How to Check Quickly:** - Look at bet pad for **glowing blue outlines** - Blue outline = that bet level has a reel 1 coin away  ---","- Reel fills and awards prizes - Spin counter reaches <strong>0</strong> - All playable reels expire  ---"
"COIN COMBO","counter-meter","high","$0.88","2 wilds in reel 3 (middle) | 1 wild in reel 3 + 1 wild in reel 4 | 2 wilds each in reels 4 and 5 (exclude top row wilds - they leave next spin)","After all wilds move off screen (exit from top row)","‚ö†Ô∏è **CRITICAL:** Do NOT count wilds on the top row‚Äîthey leave next spin.  **Option A ‚Äî Reel 3 (Middle):** - <strong>2</strong> wilds in reel 3 (middle reel)  **Option B ‚Äî Reels 3 + 4:** - <strong>1</strong> wild in reel 3 (middle) - <strong>1</strong> wild in reel 4  **Option C ‚Äî Reels 4 + 5:** - <strong>2</strong> wilds in reel 4 - <strong>2</strong> wilds in reel 5  **Wild Position Check:** | Reel | Row | Counts? | |------|-----|---------| | Reel 3 | Top | ‚ùå No (exits next spin) | | Reel 3 | Middle/Bottom | ‚úÖ Yes | | Reel 4 | Top | ‚ùå No (exits next spin) | | Reel 4 | Middle/Bottom | ‚úÖ Yes | | Reel 5 | Top | ‚ùå No (exits next spin) | | Reel 5 | Middle/Bottom | ‚úÖ Yes |  ---","- All wilds move off screen (exit from top) - Typically <strong>1‚Äì3</strong> spins per play  ---"
"Colossal Titans","counter-meter","high","$0.88","Active multipliers totaling 12x+ (count only those with spins remaining) | Meters ~75% full","When all active multipliers deplete (no spins remaining)","<strong>Primary Requirement:</strong> - Active multipliers total ‚â• <strong>12x</strong> - Only count multipliers with <strong>1+</strong> spins remaining  **Aggressive Play:** - Total slightly below 12x BUT - Meters ~<strong>75%</strong> full (will activate soon)  | Active Multiplier Total | Action | |------------------------|--------| | Below 12x (no near-full meters) | ‚ùå Walk away | | Below 12x (75%+ meters filling) | ‚ö†Ô∏è Playable | | 12x+ | ‚úÖ **Play** |  ---","- All active multipliers deplete (no spins remaining) - Total active drops below <strong>12x</strong>  ---"
"Crush Conquest / Crush Dynasty","counter-meter","high","$0.88","CONQUEST: Pink boulder in front or within first 3 positions of queue (left or right) | DYNASTY: White boulder in front or within first 3 positions of queue (left or right)","After premium boulder breaks and reveals prize","**Crush Conquest:** - **Pink** boulder in front OR within first <strong>3</strong> positions of queue (left or right)  **Crush Dynasty:** - **White** boulder in front OR within first <strong>3</strong> positions of queue (left or right)  | Position | Action | |----------|--------| | In front (being crushed) | ‚úÖ **Play** | | Position 1-3 in queue | ‚úÖ **Play** | | Position 4-5 in queue | ‚ùå Too far back | | No premium visible | ‚ùå Walk away |  ---","- Premium boulder breaks and reveals prize  ---"
"CYBER DRAGON","cycle-based","high","$0.88","7 of 8 segments filled around yin-yang symbol (flames visible when 5+ filled) | 6 of 8 segments is playable but higher variance","After bonus wheel spins and segments reset to 0","<strong>Primary Requirement:</strong> - Segments filled: <strong>7</strong> of 8  **Aggressive Play (Higher Variance):** - Segments filled: <strong>6</strong> of 8 - Only if comfortable with high volatility  **How to Check (Free):** - Tap menu icon (lower left) - Use up/down arrows to cycle bet levels - No ticket required  ---","- Bonus wheel spins - Segments reset to <strong>0</strong>  ---"
"Dancing Drums","multi-state","high","$0.88","3+ fu bat symbols active above the reels","After bonus feature triggers and completes (fu bats reset)","<strong>Primary Requirement:</strong> - Fu bats active: ‚â• <strong>3</strong> symbols lit above reels  <strong>Optimal Conditions:</strong> - Fu bats distributed across **different reels** (increases coverage) - More fu bats = better odds of quick trigger  <strong>Aggressive Play (Higher Variance):</strong> - <strong>2</strong> fu bats in favorable positions - Only if comfortable with extended play  ‚ö†Ô∏è **IMPORTANT:** Fu bat activations are typically independent of bet size. Verify on specific version.  ---","- Bonus feature triggers and completes - Fu bats reset after feature - Bankroll loss exceeds predetermined limit - 50+ spins without additional fu bat activations  ---"
"Dawn of Ra / Sun of Ra","counter-meter","high","$0.88","Yellow pyramid indicators lit below reel 3, 4, or 5 (shows persistent pyramid stack with spins remaining)","After all pyramid indicator spins deplete (all indicators empty)","<strong>Primary Requirement:</strong> - Yellow pyramid indicators lit below reel 3, 4, or 5  **How to Check:** - Look at indicator lights BELOW reels 3, 4, and 5 - Filled yellow pyramids = Active persistent stack - More filled = More spins remaining  | Indicator State | Action | |-----------------|--------| | 1+ pyramids filled (reel 3, 4, or 5) | ‚úÖ **Play** | | All indicators empty | ‚ùå Walk away |  ---","- All pyramid indicator spins deplete - All indicators become empty  ---"
"Demo Guide ‚Äî How SlotStrat Works","must-hit-by","low","$0.25","Minor jackpot at 90%+ of its Must-Hit-By ceiling (e.g. $180+ out of $200 max) | Major jackpot at 90%+ of ceiling (e.g. $900+ out of $1,000 max) | Use the bet-level menu to check all denominations ‚Äî each has its own meter | Prioritize machines where BOTH Minor and Major are elevated","After ANY must-hit-by jackpot triggers and the meter resets to its seed value | After 60 spins without a jackpot hit (session stop-loss) | If your bankroll drops below 30x your current bet level","<strong>Meter Requirements:</strong> - Minor jackpot at **90%+** of Must-Hit-By ceiling - Major jackpot at **90%+** of Must-Hit-By ceiling  <strong>Denomination Check:</strong> - Open the bet-level menu to cycle through all available denominations - Each denomination has its **own independent meter** - A $0.25 denom may be at 95% while $1.00 is only at 60%  <strong>Best-Case Setup:</strong> - Both Minor AND Major elevated above 90% - Lowest available denomination (reduces cost per spin)  ---","- Must-Hit-By jackpot triggers and meter resets to seed value - **60 spins** without a jackpot hit (session stop-loss) - Bankroll drops below **30x** your current bet - You feel frustrated, rushed, or impulsive ‚Äî walk away every time  ---"
"DIAMOND COLLECTOR","accumulation","medium","$0.88","12 or more diamonds collected (check bet pad counter for each bet level)","After free spins bonus triggers (diamonds reset to zero)","<strong>Primary Requirement:</strong> - Diamonds collected: ‚â• <strong>12</strong>  **How to Check:** - Look **directly on bet pad** - Shows diamond count for each bet level  ‚ö†Ô∏è **IMPORTANT:** Check all denominations‚Äîdifferent bet levels have different counts.  ---","- Free spins bonus triggers - Diamonds reset to <strong>0</strong>  ---"
"DIAMOND TIDE JUNGLE","counter-meter","high","$0.88","2+ yellow wilds in same row (adjacent or 1 gap apart) | 6+ yellow wilds total | Exclude reel 1 wilds and blue wilds (both leave next spin) | Check right of reel 5 for upcoming wilds marked","After all yellow wilds shift off screen (left side)","**Option A ‚Äî Row Setup:** - <strong>2+</strong> yellow wilds in SAME row - Adjacent OR with <strong>1</strong> gap between them  **Option B ‚Äî High Wild Count:** - <strong>6+</strong> yellow wilds total (any position)  **Counting Rules:** | Wild Location | Count It? | |---------------|-----------| | Reels 2-5 | ‚úÖ Yes | | Reel 1 | ‚ùå No (leaves next spin) | | Blue wilds | ‚ùå No (disappear next spin) | | Right of reel 5 (""W"") | ‚úÖ Yes (upcoming) |  ---","- All yellow wilds shift off screen (left side)  ---"
"DIAMONDS & DEVILS / JADE MONKEY","accumulation","medium","$0.88","8+ free games with 2 diamonds | 16+ free games with 1 diamond | 24+ free games (any diamond count) | 10x+ credit value with 2 diamonds (yellow numbers = built up, silver = reset)","After collecting prize | When devil/jade monkey resets the reel (no longer +EV)","**Free Games Thresholds:** | Diamonds | Free Games Required | Action | |----------|---------------------|--------| | 2 | <strong>8+</strong> | ‚úÖ **Play** | | 1 | <strong>16+</strong> | ‚úÖ **Play** | | 0 | <strong>24+</strong> | ‚úÖ **Play** (always) |  **Credit Value Thresholds:** | Diamonds | Credit Value Required | Action | |----------|----------------------|--------| | 2 | <strong>10x+</strong> bet | ‚úÖ **Play** |  **How to Identify Built-Up vs Reset:** | Number Color | Meaning | |--------------|---------| | Yellow | Built up (has value) | | Silver | At reset value (minimal) |  ---","- Prize collected (3 diamonds triggered) - Devil/Monkey resets the reel - No longer +EV  ---"
"DICE SEEKER","cycle-based","medium","$0.88","Large character (2x3 size) with 3 or fewer HP remaining | Two large characters with 5 or fewer HP each","After large character is defeated and prize pick completes","**Option A ‚Äî Single Large Character:** - Large (2x3) character with ‚â§ <strong>3</strong> HP remaining  **Option B ‚Äî Two Large Characters:** - Two large (2x3) characters each with ‚â§ <strong>5</strong> HP remaining  | Large Character HP | Single | Two Characters | |--------------------|--------|----------------| | ‚â§ 3 HP | ‚úÖ **Play** | ‚úÖ **Play** | | 4‚Äì5 HP | ‚ùå Skip | ‚úÖ **Play** (if both) | | 6+ HP | ‚ùå Skip | ‚ùå Skip |  **How to Check (Free):** - Tap menu icon (lower left) - Use up/down arrows to cycle bet levels - No ticket required  ---","- Large character defeated - Prize pick completed - Character HP increases or resets  ---"
"DRAGON LIGHTS","must-hit-by","low","$0.88","Mini (purple) at 25+ or Minor (blue) at 37+ or Major (yellow) at 56+ or Mega (red) at 86+ | Check bet pad to see meters at all bet levels","After free games progressive triggers","| Progressive | Color | Free Games | Action | |-------------|-------|------------|--------| | Mini | üü£ Purple | ‚â• <strong>25</strong> | ‚úÖ Play | | Minor | üîµ Blue | ‚â• <strong>37</strong> | ‚úÖ Play | | Major | üü° Yellow | ‚â• <strong>56</strong> | ‚úÖ Play (volatile) | | Mega | üî¥ Red | ‚â• <strong>86</strong> | ‚ö†Ô∏è Never chase directly |  **How to Check:** - Look **directly on bet pad** - Shows meters for all bet levels  ---","- Free games progressive triggers - Loss limit reached (set BEFORE playing) - ‚ö†Ô∏è **IMPORTANT:** Walking away at loss limit is correct‚Äîchasing deeper is how APs get destroyed  ---"
"Dragon Unleashed","counter-meter","low","$0.88","2+ orbs in top row (reels 1-4 only) | 1 orb in top row + 2+ orbs in middle row | Aggressive: any orb in top row (unless 4-stack with bottom orb just left screen)","After hold & spin triggers (6 orbs) or all orbs shift off bottom of reels","**Option A ‚Äî Basic (Recommended):** - <strong>2+</strong> orbs in top row (reels 1‚Äì4)  **Option B ‚Äî Mixed Position:** - <strong>1</strong> orb in top row **AND** - <strong>2+</strong> orbs in middle row  **Option C ‚Äî Aggressive (Higher RTP):** - Any orb in top row - ‚ùå **EXCEPT:** 4-stack where bottom orb just exited (no more orbs coming from above)  **Orb Position Check:** | Row | Orb Count | Action | |-----|-----------|--------| | Top | 2+ | ‚úÖ **Play** | | Top + Middle | 1 + 2+ | ‚úÖ **Play** | | Middle only | Any | ‚ùå Walk away | | Bottom only | Any | ‚ùå Walk away |  ‚ö†Ô∏è **NOTE:** Orbs only appear on reels <strong>1‚Äì4</strong> (not reel 5).  ---","- Hold & spin triggers (<strong>6</strong> orbs landed) - All orbs shift off bottom of reels  ---"
"DRAGON SPHERE","counter-meter","high","$0.88","Wild spheres in reels 2-3 (not bottom row) | Reel 1 spheres in top 2 rows or above reel | Reel 4 spheres in top row or above reel | Check above reels for incoming spheres (switch bet levels to distinguish real spheres from expanded wilds)","After all wild spheres move off bottom of screen","**Option A ‚Äî Reels 2-3 (Most Valuable):** - Wild spheres in reels 2 or 3 - NOT on bottom row  **Option B ‚Äî Reel 1:** - Wild sphere above reel 1, OR - Wild sphere in top row, OR - Wild sphere in second-from-top row  **Option C ‚Äî Reel 4:** - Wild sphere above reel 4, OR - Wild sphere in top row only  | Reel | Valid Positions | Action | |------|-----------------|--------| | Reel 1 | Above reel, top 2 rows | ‚úÖ **Play** | | Reel 2 | Anywhere except bottom | ‚úÖ **Play** | | Reel 3 | Anywhere except bottom | ‚úÖ **Play** | | Reel 4 | Above reel, top row only | ‚úÖ **Play** | | Any reel | Bottom row | ‚ùå Skip |  ---","- All wild spheres move off bottom of screen  ---"
"Egyptian Gems: Rise of Pharaoh / Rise of Queen","cycle-based","medium","$0.88","Yellow orb on reels 2-6 or in bottom queue position | 2+ yellow orbs anywhere in queue | 4+ red orbs | 6+ orbs any color (for free games bonus chance)","All orbs have moved off reel 1 | Free games bonus completes","‚ö†Ô∏è **CRITICAL:** Do NOT count orbs in reel 1‚Äîthey exit next spin.  **Option A ‚Äî Yellow Orbs (On Reels):** - Any yellow orb on reels <strong>2‚Äì6</strong> - OR yellow orb in **bottom position** of queue  **Option B ‚Äî Yellow Orbs (Queue):** - <strong>2+</strong> yellow orbs anywhere in queue  **Option C ‚Äî Red Orbs:** - <strong>4+</strong> red orbs total  **Option D ‚Äî Volume Play:** - <strong>6+</strong> orbs of **any color** - Value: Increased free games bonus chance (not credit prizes)  | Orbs Present | Action | |--------------|--------| | Yellow on reels 2‚Äì6 or bottom queue | ‚úÖ **Play** | | 2+ yellow anywhere in queue | ‚úÖ **Play** | | 4+ red orbs | ‚úÖ **Play** | | 6+ orbs any color | ‚úÖ **Play** (bonus chance) |  **How to Check (Free):** - Tap menu icon (lower left) - Use up/down arrows to cycle bet levels - No ticket required  ---","- All orbs have moved off reel 1 - Free games bonus completes  ---"
"EGYPTIAN STARS","counter-meter","high","$0.88","2+ blue star frames anywhere except top row (top row frames leave next spin)","All star frames have moved off the top row (watch for frame bursts from woman","<strong>Primary Requirement:</strong> - <strong>2+</strong> blue star frames anywhere on reels - NOT in top row (those leave next spin)  | Frame Position | Action | |----------------|--------| | Top row | ‚ùå Skip (leaves next spin) | | Rows 2-4 (any reel) | ‚úÖ **Play** |  **Note:** Reel position (1-5) doesn't matter here‚Äîframes award prizes, not wilds.  ---","- All star frames move off the top row - Watch for frame bursts from woman's hand star  ---"
"Elephant King","counter-meter","high","$0.88","Free games, blue credit prizes, or green prizes 50x+ bet in reel 2 or 4 (play 1 spin) | Same prizes in both reels 3 and 5 (play 2 spins) | Ignore reel 1 (shifts off next spin)","After target prize shifts past reel 1","**One Spin Play (Prize in Reel 2 or 4):** - Free games symbol in reel <strong>2</strong> or <strong>4</strong> - Blue credit prize in reel <strong>2</strong> or <strong>4</strong> - Green credit prize ‚â• <strong>50x</strong> bet in reel <strong>2</strong> or <strong>4</strong>  **Two Spin Play (Prizes in Reels 3 AND 5):** - Any of above prizes in **both** reel <strong>3</strong> AND reel <strong>5</strong> - Investment: <strong>2</strong> spins - Benefit: Two chances to win on second spin  **Prize Value Quick Reference:** | Prize Type | Color | Play? | |------------|-------|-------| | Free Games | ‚Äî | ‚úÖ Always | | Blue Credits | üîµ Blue | ‚úÖ Always | | Green Credits ‚â•50x | üü¢ Green | ‚úÖ Yes | | Green Credits <50x | üü¢ Green | ‚ùå No | | Yellow Credits | üü° Yellow | ‚ùå No |  ---","- Target prize shifts past reel 1 - Elephant symbol lands and awards prize - Investment spins completed without win  ---"
"EPIC LION / SACRED DEER","counter-meter","high","$0.88","10,000+ ways with gold-filled chevrons on full-height reels (thick flashing line on indicator) | Any of first 3 reels at full height (8 symbols) with gold-filled chevron above | First 3 reels all at 7 symbols tall","After reels shrink and ways drop below 10,000","**Option A ‚Äî High Ways Count:** - <strong>10,000+</strong> ways displayed - **AND** chevrons filled on full-height reels  **Option B ‚Äî Full Height Reel (1-3):** - Any of first 3 reels at full height (<strong>8</strong> symbols) - **AND** chevron above is GOLD-filled  **Option C ‚Äî Tall Reels Setup:** - First 3 reels ALL at <strong>7</strong> symbols tall  **How to Verify:** | Indicator | Location | |-----------|----------| | Ways count | Below middle reel | | Thick flashing line | 10,000+ ways | | Gold-filled chevron | Above pyramid, above reel |  ---","- Reels shrink and ways drop below <strong>10,000</strong>  ---"
"Extreme Wild: Lanterns / Stars","accumulation","medium","$0.88","Active wild on reel 2 or 3 (glowing border + coins above showing spins left) | Reel 4 wild with 2 spins remaining + 1 coin in reel 2 or 3 | Aggressive: 1 coin above both reels 2 and 3 (ignore built-up lanterns/stars - they","After wild spins deplete (coins above reels empty)","**Basic Plays:**  **Option A ‚Äî Active Wilds (Reels 2-3):** - Active wild on reel 2 or 3 - Glowing border + coins above showing spins left  **Option B ‚Äî Reel 4 Setup:** - Active wild on reel 4 with <strong>2</strong> spins remaining - AND <strong>1</strong> coin in reel 2 or 3 - Play 1 spin to see if second coin lands (if not, stop)  **Aggressive Play:**  **Option C ‚Äî Coin Setup (Slightly +EV):** - <strong>1</strong> coin above BOTH reels 2 AND 3 - Conservative: <strong>1</strong> coin above all 3 reels  | Setup | Risk Level | Action | |-------|------------|--------| | Active wild reel 2 or 3 | Low | ‚úÖ **Play** | | Reel 4 wild (2 spins) + coin in 2/3 | Medium | ‚úÖ **1 spin** | | 1 coin above reels 2 AND 3 | Higher | ‚úÖ **Play** (aggressive) | | 1 coin above all 3 reels | Medium | ‚úÖ **Play** (conservative) |  ---","- Wild spins deplete (coins above reels empty) - Reel 4 test spin fails to land second coin  ---"
"Fairy Hollow","counter-meter","high","$0.88","2+ wild butterflies anywhere with counters showing 2 or 3 (check lower right of symbol) | Ignore wilds with counter of 1 (they disappear next spin)","All wild butterfly counters reach 0 and disappear","<strong>Primary Requirement:</strong> - <strong>2+</strong> active wilds anywhere - Counter showing <strong>2</strong> or <strong>3</strong> (NOT 1)  | Wild Counter | Include? | |--------------|----------| | 3 | ‚úÖ Count it | | 2 | ‚úÖ Count it | | 1 | ‚ùå Don't count (disappears next spin) |  ---","- All wild butterfly counters reach 0 - All wilds disappear  ---"
"FAT FORTUNES","counter-meter","high","$0.88","2 fish above the reels | 3+ persistent fish on reels (shiny/gleaming animation indicates persistence - ignore bottom row and non-shiny fish)","After bonus triggers (6 fish landed)","**Option A ‚Äî Fish Above Reels:** - <strong>2</strong> fish symbols above the reels - (Always excellent play‚Äîfish often come in stacks)  **Option B ‚Äî Persistent Fish Count:** - <strong>3+</strong> persistent fish on reels (shiny animation) - Do NOT count: bottom row fish OR non-shiny fish  | Setup | Action | |-------|--------| | 2 fish above reels | ‚úÖ **Play** (excellent) | | 3+ shiny fish (not bottom row) | ‚úÖ **Play** | | Only non-shiny fish | ‚ùå Skip | | Only bottom row fish | ‚ùå Skip |  ---","- Bonus triggers (6 fish landed)  ---"
"FORTUNE FINDERS","cycle-based","medium","$0.88","2+ scatter symbols anywhere EXCEPT bottom row (white pearls in Mermaid","After free games bonus triggers | All scatters fall off bottom row","<strong>Primary Requirement:</strong> - <strong>2+</strong> scatter symbols anywhere on reels - NOT on bottom row (those leave next spin)  | Scatter Position | Action | |------------------|--------| | Top/Middle rows | ‚úÖ **Play** | | Bottom row only | ‚ùå Skip (leaves next spin) |  ---","- Free games bonus triggers (3 scatters landed) - All scatters fall off bottom row  ---"
"Fortune Owl","must-hit-by","low","$0.88","Mini (purple) at 24+ free games | Minor (green) at 32+ | Major (red) at 52+ | NOT a must-hit-by - requires 1000+ unit bankroll","After free games bonus triggers","| Meter | Color | Free Games Threshold | |-------|-------|---------------------| | Mini | Purple | ‚â• <strong>24</strong> | | Minor | Green | ‚â• <strong>32</strong> | | Major | Red | ‚â• <strong>52</strong> |  **How to Check:** - Look directly on bet pad - Shows free games count for all bet levels  ---","- Free games bonus triggers - Meter resets to <strong>5</strong> - You hit your loss limit (set one before playing)  ---"
"Fu Dai Lian Lian","accumulation","high","$0.88","2+ bags glowing with jewels visible (check bet pad for jewels in bags) | Aggressive: 1 bag with jewels + 1 level 4 bag (largest size before jewels appear)","After triggering one boosted bag bonus (bag size does not affect trigger chance)","<strong>Primary Requirement:</strong> - <strong>2+</strong> bags with jewels (glowing)  **Aggressive Play (Higher Variance):** - <strong>1</strong> bag with jewels **AND** - <strong>1</strong> Level 4 bag (largest size without jewels)  **How to Check:** - Look **directly on bet pad** - Bags with jewels visible on bet pad - If you see bags on bet pad, you have correct version  ---","- Any bag bonus triggers - Do NOT continue even if other bags still have jewels - Re-evaluate after bonus completes  ---"
"Fu Stacks: Jade / Crimson","accumulation","medium","$0.88","2 coins in each of the first 3 reels (in coin holders above reels) | Any active stacks in first 3 reels (glowing border around reel)","Active stack spins deplete | First 3 reels no longer have coins","**Option A ‚Äî Coin Setup:** - <strong>2</strong> coins in EACH of the first 3 reels (coin holders above)  **Option B ‚Äî Active Stacks:** - Active stack in any of first 3 reels - Active = Glowing border around reel  | Setup | Action | |-------|--------| | 2 coins in reels 1, 2, AND 3 | ‚úÖ **Play** | | Active stack in reels 1-3 | ‚úÖ **Play** | | Active stack only in reel 4 | ‚ùå Skip (little value) | | Coins not in all first 3 reels | ‚ùå Skip |  ---","- Active stack spins deplete - First 3 reels no longer have adequate coins  ---"
"GIFT OF THE NILE","counter-meter","high","$0.88","Single wild in reels 1-3 (top/middle row or directly above in queue) | 2 wilds in front 3 queue positions | 2 wilds same row in middle queue | 3+ wilds (stack) in back queue | Note: FREE GAMES symbols are NOT persistent","After all wilds move off the bottom row (check queue for new wilds)","**Focus on first 3 reels only.** The further back in queue, the more wilds needed:  **Active Reel Area (Top/Middle Rows):** - <strong>1</strong> wild in reels 1-3 (top or middle row) - <strong>1</strong> wild directly above reel (first queue position)  **Front Queue (First 3 Positions):** - <strong>2</strong> wilds in first 3 queue positions (reels 1-3)  **Middle Queue:** - <strong>2</strong> wilds on SAME row (reels 1-3)  **Back Queue:** - <strong>3</strong> wilds on same row (reels 1-3) - OR stack of <strong>3+</strong> wilds together (reels 1-3)  | Wild Location | Wilds Required | Action | |---------------|----------------|--------| | Active area (top/middle) | 1 | ‚úÖ **Play** | | Directly above reel | 1 | ‚úÖ **Play** | | Front 3 queue positions | 2 | ‚úÖ **Play** | | Middle queue (same row) | 2 | ‚úÖ **Play** | | Back queue (same row) | 3 | ‚úÖ **Play** | | Back queue (stack) | 3+ | ‚úÖ **Play** |  ---","- All wilds move off bottom row - Check queue for new wilds before leaving  ---"
"GOLDEN DRAGON","counter-meter","high","$0.88","4 of 5 pots contain jackpot wheel or high free games (16/20/24) | Avoid if any pot shows 8 free games","After triggering any pot","<strong>Primary Requirement:</strong> - <strong>4 of 5</strong> pots contain high-value prizes  <strong>High-Value Prizes:</strong> - Jackpot Wheel spin - 24 free games (red) - 20 free games (green) - 16 free games (green)  <strong>Pot Configuration Check:</strong> - Pot 1 (Reel 1): High value? ‚úÖ/‚ùå - Pot 2 (Reel 2): High value? ‚úÖ/‚ùå - Pot 3 (Reel 3): High value? ‚úÖ/‚ùå - Pot 4 (Reel 4): High value? ‚úÖ/‚ùå - Pot 5 (Reel 5): High value? ‚úÖ/‚ùå  **Need ‚â•4 checkmarks to play.**  ‚ö†Ô∏è **IMPORTANT:** Each pot has only 20% chance of being triggered. Don't play for a single good pot.  ---","- Any pot triggers (all pots reset afterward) - Bankroll loss exceeds predetermined limit  ---"
"GOLDEN EGYPT GRANDE","counter-meter","high","$0.88","2 of first 3 reels 1 coin away from wild | 6+ coins in first 4 reels | Active wilds in first 3 reels (glowing gold border) | Active wilds in both reels 4 and 5","After all wild spins deplete (coins above reels empty)","**Option A ‚Äî Two Reels Ready (First Three):** - <strong>2</strong> of first 3 reels are 1 coin away from wild - Examples: 1-2-0-0-0 | 0-2-3-0-0 | 1-0-3-0-0  **Option B ‚Äî Six Coins Total:** - <strong>6+</strong> coins in first 4 reels - Examples: 1-1-2-2-0 | 0-2-2-2-0 | 0-1-3-2-0  **Option C ‚Äî Active Wilds in First Three:** - Any active wild in reels 1-3 - (Glowing gold border + coins above)  **Option D ‚Äî Reel 4 Active + Setup:** - Reel 4 has active wild - AND any of first 3 reels is 1 coin away - Play 1-2 spins to try landing coin for double wild  **Option E ‚Äî Reels 4 AND 5 Active:** - Active wilds in **both** reels 4 and 5  ---","- All wild spins deplete - Coins above reels empty  ---"
"Golden Gecko","counter-meter","high","$0.88","3+ red jewels in active row (directly above reels) | 5+ red jewels in active + first queue row | 7+ red jewels in active + first 2 queue rows","After red progressive triggers | Red jewels drop past active row without hitting","**Red Jewels Only (by position):**  | Red Jewel Position | Count Required | Action | |--------------------|----------------|--------| | Active row (directly above reels) | <strong>3+</strong> | ‚úÖ **Play** | | Active + first queue row | <strong>5+</strong> | ‚úÖ **Play** | | Active + first 2 queue rows | <strong>7+</strong> | ‚úÖ **Play** |  ---","- Red progressive triggers - Red jewels drop past active row without hitting  ---"
"GOLDEN JUNGLE GRAND","cycle-based","medium","$0.88","Spin counter showing 1-9 of 10 with favorable buddha distribution (2 full reels in first 3 positions is always playable) | Never play spin 10 of 10","After spin 10 completes (wild reels trigger based on collected buddhas)","","- Spin 10 completes - Wild reels trigger based on collected buddhas - Cycle resets  ---"
"Golden Messenger","counter-meter","high","$0.88","3 reels with 2 coins each | 5 or more coins in the first 3 reels | 7 or more coins anywhere (ignore reels already at 3 coins - they reset next spin)","After prize pick completes","**Important:** Do NOT count reels already at 3 coins (coins removed next spin).  **Option A ‚Äî Three Reels Setup:** - <strong>3</strong> reels each with <strong>2</strong> coins  **Option B ‚Äî First 3 Reels:** - <strong>5+</strong> coins in first 3 reels  **Option C ‚Äî Any Reels:** - <strong>7+</strong> coins anywhere  | Coin Setup | Action | |------------|--------| | 3 reels with 2 coins each | ‚úÖ **Play** | | 5+ coins in reels 1-3 | ‚úÖ **Play** | | 7+ coins anywhere | ‚úÖ **Play** | | Reel already at 3 coins | ‚ùå Don't count (resets) |  ---","- Prize pick completes  ---"
"HONEY BUCKS","counter-meter","high","$0.88","2+ active wilds in first 3 reels (horizontally connected or 1 gap apart) | 3 horizontally connected active wilds anywhere | 4+ active wilds in first 3 reels (empty space = 2 spins left, yellow WILD = 1 spin left, cracked = ignore)","After all active wilds crack and disappear","**Option A ‚Äî Two Wilds in First Three Reels:** - <strong>2</strong> active wilds in reels 1-3 - Must be horizontally connected OR one gap apart  **Option B ‚Äî Three Connected Wilds:** - <strong>3</strong> horizontally connected active wilds - Can be anywhere on reels  **Option C ‚Äî Four Wilds:** - <strong>4+</strong> active wilds in first three reels  | Wilds | Position | Action | |-------|----------|--------| | 2 connected/1-gap | Reels 1-3 | ‚úÖ **Play** | | 3 connected | Anywhere | ‚úÖ **Play** | | 4+ | Reels 1-3 | ‚úÖ **Play** |  ---","- All active wilds crack and disappear - No playable wild combinations remain  ---"
"HYPER ORBS","counter-meter","high","$0.88","12+ orbs collected (check bet pad for each denomination) | Scatter symbol with number inside on reel 2 or 4 (sticks for that many spins, need 2 to trigger bonus)","After free spins bonus triggers (orb count resets to zero)","**Option A ‚Äî Orb Count:** - Orbs collected: ‚â• <strong>12</strong>  **Option B ‚Äî Scatter Symbol:** - Number symbol visible in reel 2 OR reel 4 - Number inside = spins it sticks around - Also functions as wild - Need 2 to trigger bonus  **How to Check:** - Look **directly on bet pad** - Shows orb count for each bet level  ‚ö†Ô∏è **IMPORTANT:** Check all denominations‚Äîdifferent bet levels have different counts.  ---","- Free spins bonus triggers - Orb count resets to <strong>0</strong>  ---"
"IGT CLASSIC HITS","must-hit-by","low","$0.88","Bottom MHB at 95%+ | Middle MHB at 96%+ | Top MHB at 97%+ | Tap","After targeted MHB jackpot triggers and resets","**Quick Reference (Percentage of MHB):** | Progressive | Threshold | |-------------|-----------| | Top (Large) | <strong>97%+</strong> | | Middle (Medium) | <strong>96%+</strong> | | Bottom (Small) | <strong>95%+</strong> |  **Bottom (Small) Break-Even Points:** | Bet | Play At | |-----|---------| | $0.50 | <strong>$19</strong> | | $1.00 | <strong>$38</strong> | | $1.50 | <strong>$57</strong> | | $2.50 | <strong>$95</strong> | | $5.00 | <strong>$190</strong> |  **Middle (Medium) Break-Even Points:** | Bet | Play At | |-----|---------| | $0.50 | <strong>$48</strong> | | $1.00 | <strong>$96</strong> | | $1.50 | <strong>$144</strong> | | $2.50 | <strong>$240</strong> | | $5.00 | <strong>$480</strong> |  **Top (Large) Break-Even Points:** | Bet | Play At | |-----|---------| | $0.50 | <strong>$194</strong> | | $1.00 | <strong>$388</strong> | | $1.50 | <strong>$582</strong> | | $2.50 | <strong>$970</strong> | | $5.00 | <strong>$1,940</strong> |  ---","- Targeted MHB jackpot triggers and resets  ---"
"Imperial Fortunes / Penguin Palace","counter-meter","high","$0.88","2 coins collected in first 3 reels with at least one 2x coin | 1 coin in each of first 4 reels | Active wilds in first 3 reels (gold highlight) | Reel 4 wild active with 2x coins above","After wild spins deplete (coin holders above wilds empty)","**Option A ‚Äî Coins with 2x:** - <strong>2</strong> coins collected in first 3 reels - At least one must be a <strong>2x</strong> coin  **Option B ‚Äî Four Coins Setup:** - <strong>1</strong> coin in each of first 4 reels - More aggressive play (usually need 2x to profit)  **Option C ‚Äî Active Wilds (Reels 1-3):** - Active wilds (gold highlight) in first 3 reels - 1 or 2 coins showing spins remaining  **Option D ‚Äî Active Wild (Reel 4):** - Active wild in reel 4 with <strong>2x</strong> coins above  **Option E ‚Äî Reel 4 Test Spin:** - Reel 4 wild with <strong>2</strong> spins remaining - AND <strong>2+</strong> coins in first 3 reels - Play <strong>1</strong> spin for double wild chance - Stop if no second coin lands  | Setup | Action | |-------|--------| | 2 coins (reels 1-3) with 2x | ‚úÖ **Play** | | 1 coin in each of reels 1-4 | ‚úÖ **Play** (aggressive) | | Active wilds in reels 1-3 | ‚úÖ **Play** | | Reel 4 wild with 2x coins | ‚úÖ **Play** | | Reel 4 wild (2 spins) + 2 coins | ‚úÖ **1 spin test** |  ---","- Wild spins deplete (coin holders empty) - Test spin fails to land second coin  ---"
"INDIAN MOTORCYCLE","cycle-based","medium","$0.88","PLAY MIN BET ONLY: 7 trophies | 6 trophies + 2000+ bonus credits | 5 trophies + 3000+ bonus credits | 4 trophies + 4000+ bonus credits | 3 trophies + 5000+ bonus credits (bonus amount shown above reels)","After wheel spin bonus completes (resets to 2 trophies)","| Trophies | Bonus Credits Required | Action | |----------|------------------------|--------| | <strong>7</strong> | Any amount | ‚úÖ **Play** | | <strong>6</strong> | <strong>2000+</strong> credits | ‚úÖ **Play** | | <strong>5</strong> | <strong>3000+</strong> credits | ‚úÖ **Play** | | <strong>4</strong> | <strong>4000+</strong> credits | ‚úÖ **Play** | | <strong>3</strong> | <strong>5000+</strong> credits | ‚úÖ **Play** | | Below 3 | Any | ‚ùå Walk away |  **Where to Check:** - Trophies: Count gold trophies displayed - Bonus credits: Middle of screen above reels  ---","- Wheel spin bonus completes - Game resets to <strong>2</strong> trophies  ---"
"JACKPOT CATCHER","accumulation","medium","$0.88","5+ ring value total (yellow = 1, green 2x = 2, pink 3x = 3, red 5x = 5)","After all rings deplete (3 spins each) and prizes are collected","<strong>Primary Requirement:</strong> - Ring value total ‚â• <strong>5</strong>  **Counting Examples:** - 5 yellow rings = 5 points ‚úÖ - 1 green (2) + 1 pink (3) = 5 points ‚úÖ - 1 red (5) = 5 points ‚úÖ - 2 green (4) + 1 yellow (1) = 5 points ‚úÖ  | Ring Total | Action | |------------|--------| | Below 5 | ‚ùå Walk away | | 5+ | ‚úÖ **Play** |  ---","- All rings deplete (3 spins each) - Prizes collected - Ring total drops below threshold  ---"
"Jewel Collection: Dragon / Vault","must-hit-by","low","$0.88","Scatter meter at 480+ of 777 (above reel 2) | Total extra wilds across all 4 jewel meters at 610+ (bet pad shows 3 meters, check screen for amethyst)","After mystery free games triggers (scatter hits 777) | After any jewel bonus triggers (amethyst, sapphire, emerald, or ruby)","**Option A ‚Äî Scatter Meter:** - Scatter meter at <strong>480+</strong> of 777  **Option B ‚Äî Combined Jewel Wilds:** - Total extra wilds across ALL 4 meters ‚â• <strong>610</strong>  | Meter | Threshold | Where to Check | |-------|-----------|----------------| | Scatter | <strong>480+</strong> | Above reel 2 | | Jewels combined | <strong>610+</strong> | Bet pad (3 meters) + screen (amethyst) |  **How to Check:** - Bet pad shows: Sapphire, Emerald, Ruby - Screen shows: Amethyst (check separately!)  ---","- Mystery free games triggers (scatter hits 777) - Any jewel bonus triggers (amethyst, sapphire, emerald, or ruby)  ---"
"Jin Ji Bao Xi Grand: Phoenix / Tiger","counter-meter","high","$0.88","1 locked bat on reels 2, 3, or 4 with 2+ spins remaining | 2 locked bats anywhere with 2+ spins remaining (check","After all locked bats disappear","<strong>Primary Requirement:</strong> - Text shows ""locked for 2 spins"" OR ""locked for 1 spin""  **Option A ‚Äî Single Bat:** - <strong>1</strong> locked bat on reels 2, 3, or 4 - With <strong>2+</strong> spins remaining  **Option B ‚Äî Multiple Bats:** - <strong>2</strong> locked bats anywhere - With <strong>2+</strong> spins remaining  | Bats | Spins Remaining | Action | |------|-----------------|--------| | 1 bat (reels 2-4) | 2+ | ‚úÖ **Play** | | 2 bats anywhere | 2+ | ‚úÖ **Play** | | Any bats | 1 coin showing (last spin) | ‚ùå Skip | | 0 bats | - | ‚ùå Skip |  ---","- All locked bats disappear - Bonus feature triggers  ---"
"Jin Ji Bao Xi: Rising Fortunes","must-hit-by","high","$0.88","Progressive at 85-90%+ of must-hit-by value (check help screen for specific MHB threshold)","After progressive jackpot triggers and resets | Check other bet levels before leaving","<strong>Primary Requirement:</strong> - Progressive at <strong>85-90%+</strong> of must-hit-by value  **How to Check:** - View progressive value on game display - Check help screens/paytable for must-hit-by threshold - Threshold varies by casino and denomination  | Progressive % of MHB | Action | |---------------------|--------| | Below 85% | ‚ùå Walk away | | 85-90% | ‚ö†Ô∏è Getting close | | 90%+ | ‚úÖ **Play** |  ---","- Progressive jackpot triggers and resets - Advantage is gone until meter rebuilds  ---"
"Jurassic Park Trilogy","counter-meter","high","$0.88","Bonus symbol in reel 2 with spin counter showing above reel 4 (do not play if symbol only in reel 4)","After bonus triggers or spin counter reaches 0","<strong>Primary Requirement:</strong> - Bonus symbol **already in reel 2** - Counter showing above reel 4  | Symbol Location | Counter Position | Action | |-----------------|------------------|--------| | Reel 2 | Above reel 4 | ‚úÖ **Play** | | Reel 4 | Above reel 2 | ‚ùå Skip |  ---","- Bonus triggers (both symbols landed) - Spin counter reaches 0  ---"
"KRAKEN UNLEASHED","counter-meter","high","$0.88","2+ wood panels in top row (reels 1-4 only) | 1 panel in top row + 2+ in middle row | Aggressive: any panel in top row (unless stack of 4 just shifted off bottom)","After hold & spin bonus triggers | All panels shift off the bottom of the reels","**Option A ‚Äî Top Row Panels:** - <strong>2+</strong> wood panels in top row (reels 1-4)  **Option B ‚Äî Split Position:** - <strong>1</strong> panel in top row - <strong>2+</strong> panels in middle row  **Option C ‚Äî Aggressive (High RTP):** - Any panel in top row - ‚ùå **EXCEPT:** Stack of 4 just shifted, bottom panel exited (nothing above)  | Top Row Panels | Middle Row | Action | |----------------|------------|--------| | 2+ | Any | ‚úÖ **Play** | | 1 | 2+ | ‚úÖ **Play** | | 1 | 0-1 | ‚ö†Ô∏è Aggressive only | | 0 | Any | ‚ùå Walk away |  ---","- Hold & Spin bonus triggers (<strong>6</strong> panels) - All panels shift off bottom of reels - No panels remaining in top/middle rows  ---"
"LEGEND OF THE 3X 2X PHOENIX","must-hit-by","low","$0.88","Any meter at 14 (red/green/blue must-hit at 15) | On 91%+ RTP machines: green at 13 is also playable","After free games meter triggers at 15","<strong>Primary Requirement:</strong> - Any meter at <strong>14</strong>  **91%+ RTP Machines:** - Green (5x) at <strong>13</strong> is also playable  | Meter | Count | Action | |-------|-------|--------| | Any | 14 | ‚úÖ **Play** | | Green | 13 | ‚úÖ **Play** (91%+ RTP only) | | Any | Below 13 | ‚ùå Walk away |  ---","- Free games meter triggers at <strong>15</strong> - Meter resets to starting value  ---"
"Let‚Äôs Spin / Let‚Äôs Spin Vegas","cycle-based","medium","$0.88","Let","After wheel spin bonus completes | All Let","**Option A ‚Äî Let's Symbol:** - Let's symbol in reel 1 - **NOT on bottom row**  **Option B ‚Äî Spin Symbol in Reel 2:** - Spin symbol in reel 2 - **NOT on bottom row**  **Option C ‚Äî Multiple Spin Symbols:** - Spin symbols in **both** reels 3 and 4 - **NOT on bottom row**  | Symbol | Reel | Row | Action | |--------|------|-----|--------| | Let's | 1 | Top/Middle | ‚úÖ **Play** | | Let's | 1 | Bottom | ‚ùå Skip | | Spin | 2 | Top/Middle | ‚úÖ **Play** | | Spin | 2 | Bottom | ‚ùå Skip | | Spin | 3+4 | Top/Middle | ‚úÖ **Play** |  ---","- Wheel spin bonus completes - All Let's/Spin symbols move off bottom row  ---"
"Life of Luxury Hot Diamonds","must-hit-by","low","$0.88","Car at 40+ | Boat at 50+ | Plane at 65+ (check bet pad for all meter levels)","After free games bonus triggers (land 3 symbols, spin wheel)","| Meter | Free Games Threshold | |-------|---------------------| | Car | ‚â• <strong>40</strong> | | Boat | ‚â• <strong>50</strong> | | Plane | ‚â• <strong>65</strong> |  **How to Check:** - Look directly on bet pad - Shows free games count for all bet levels  ---","- Free games bonus triggers (3 symbols, spin wheel) - You hit your loss limit (set one before playing)  ---"
"LUCKY EMPRESS / INCA EMPRESS","counter-meter","high","$0.88","Active 10x or 12x multiplier (shows","After multiplier triggers on a line hit and no 10x+ total remains active or queued","**Option A ‚Äî High Active Multiplier:** - Active <strong>10x</strong> or <strong>12x</strong> multiplier  **Option B ‚Äî Combined Active Multipliers:** - Active multipliers totaling ‚â• <strong>10x</strong> - Examples: 5x + 5x = 10x | 8x + 3x = 11x  **Option C ‚Äî Queue Setup:** - <strong>10x</strong> or <strong>12x</strong> in upcoming queue - Play through 5x or 8x in front to reach them  | Active Multiplier | Queue | Action | |-------------------|-------|--------| | 10x or 12x | Any | ‚úÖ **Play** | | 5x+5x or similar | Any | ‚úÖ **Play** | | 5x or 8x | 10x/12x behind | ‚úÖ **Play** | | Below 10x total | No 10x/12x queued | ‚ùå Skip |  ---","- Multiplier triggers on line hit - No <strong>10x+</strong> total remains active or queued  ---"
"LUCKY LARRY","accumulation","medium","$0.88","1 coin in each of 3 Loot Awards (above reels 2, 3, 4) | Bonus Loot Award present on any reel (any coin count) | Jackpot Loot Award with 1+ coins | Active Loot Award showing spins remaining","After triggering any Loot Award","**Option A ‚Äî Three Reels Setup:** - <strong>1</strong> coin in each of 3 Loot Awards (reels 2, 3, 4) - Stop after triggering one  **Option B ‚Äî Active Loot Award:** - Shows ""2 Spins Left"" or ""1 Spin Left""  **Option C ‚Äî Bonus Loot Award:** - Bonus present on any reel - **Any coin count** (even 0)  **Option D ‚Äî Jackpot Loot Award:** - Jackpot present with <strong>1+</strong> coins - (0 coins is +EV but high variance)  **Option E ‚Äî Completed Awards (1 Spin Gamble):**  Play 1 spin to see if Jackpot/Bonus replaces it: - 1 completed + 1 coin in other two - 2 completed awards - 3 completed awards (rare)  *(Only if completed awards are NOT Jackpot/Bonus)*  ---","- Any Loot Award triggers - Re-evaluate remaining awards  ---"
"Lucky Pick: Bumble Bee / Cash Tree / Leprechaun","cycle-based","medium","$30","3 wilds revealed | 2 wilds + multiplier, 4+ free games, or 5+ credits revealed | 1 wild + 10 or fewer picks remaining | 7 or fewer picks remaining (any setup)","After free games bonus triggers (keep playing until bonus - never stop early)","","- Free games bonus triggers - **NEVER stop before bonus** (keep playing until bonus!)  ---"
"LUNAR DISC / FORTUNE DISC","accumulation","medium","$0.88","5 discs collected (check bet pad counter - bonus triggers at 6)","After disc bonus triggers (random symbol turns wild)","<strong>Primary Requirement:</strong> - Discs collected: <strong>5</strong>  **How to Check:** - Look **directly on bet pad**  | Discs | Action | |-------|--------| | 0‚Äì4 | ‚ùå Walk away | | 5 | ‚úÖ **Play** |  ---","- Disc bonus triggers - Random symbol turns wild  ---"
"MADONNA : MIGHTY CASH","counter-meter","high","$0.88","Total multipliers 21x or higher (add all 5 reel multipliers, max 8x each)","After Mighty Cash bonus triggers (multipliers reset)","<strong>Primary Requirement:</strong> - Total of ALL multipliers ‚â• <strong>21x</strong>  **How to Calculate:** - Add all 5 reel multipliers together - Example: 5x + 4x + 3x + 5x + 4x = 21x ‚úÖ  | Total Multipliers | Action | |-------------------|--------| | 21x+ | ‚úÖ **Play** | | Below 21x | ‚ùå Walk away |  ---","- Mighty Cash bonus triggers (multipliers reset)  ---"
"MAGIC WISHES","accumulation","medium","$0.88","Check spin counter (X of 10) and count locked frames aligned horizontally on the same row | Later spins (7-9) need fewer frames | earlier spins (1-6) need 3-4+ frames on same row | Frames on left reels are more valuable","After 10th spin completes (all accumulated frames turn wild)","","- Spin 10 completes - All frames turn wild - Cycle resets  ---"
"Mammoth Legend","counter-meter","high","$0.88","1 coin remaining above reel 5 (displays","After Volcano Bonus triggers","<strong>Primary Requirement:</strong> - <strong>1</strong> coin remaining above reel 5 - Screen displays: **""Next Bonus = Guaranteed Jackpot!""**  | Coins Remaining | Action | |-----------------|--------| | 1 (Guaranteed Jackpot) | ‚úÖ **Play** (risky) | | 2+ | ‚ùå Skip |  ---","- Volcano Bonus triggers  ---"
"Miss Kitty Wild Ride","cycle-based","medium","$0.88","Wild Ride Bonus active (larger reels visible) | Miss Kitty: diamonds behind reels | Zorro: flames behind reels","Reels shrink back to normal size (no wild or multiplier landed on previous spin)","<strong>Primary Requirement:</strong> - Wild Ride Bonus is **active**  **How to Identify:** - Reels are **larger than normal** - Special animation behind reels (diamonds or flames)  | Feature Status | Action | |----------------|--------| | Wild Ride Bonus active | ‚úÖ **Play** | | Normal reels (no bonus) | ‚ùå Walk away |  ---","- Reels shrink back to normal size - No wild or multiplier landed on previous spin - Feature ends  ---"
"MOON SPIRIT","cycle-based","medium","$0.88","Locked frames accumulated mid-cycle with spins remaining (check spin counter vs frame count in table below) | Frames on reels 2-3 most valuable (lady symbol expands wilds horizontally)","After 10th spin completes (all frames turn wild + horizontal expansion resolves)","**Frames in First 3 Reels Required (by spin):**  | Spin | Frames Needed (Reels 1-3) | |------|---------------------------| | 10 of 10 | ‚ùå Never | | 9 of 10 | <strong>1</strong> | | 8-7 of 10 | <strong>2</strong> | | 6-5 of 10 | <strong>3</strong> | | 4-3 of 10 | <strong>4</strong> | | 2-1 of 10 | <strong>5</strong> |  **Alternative Plays (Spins 6-5):** - <strong>2</strong> frames in reels 2 AND 3 - <strong>3</strong> horizontally connected frames starting in reel 1 or 2  **Alternative Plays (Spins 4-3):** - <strong>3</strong> frames in reels 2 AND 3 - <strong>3</strong> horizontally connected frames starting in reel 1 or 2  **Alternative Plays (Spins 2-1):** - <strong>4</strong> frames in reels 2 AND 3 - <strong>3</strong> horizontally connected frames starting in reel 1 or 2  ---","- 10th spin completes (frames turn wild, expansion resolves)  ---"
"OCEAN MAGIC GRAND","counter-meter","high","$0.88","Wild bubbles in reels 2-3 (any row including sunrise below bottom) | Reel 1 + reel 4 bubbles within 1-2 rows of each other | Sunrise bubbles in reels 1 or 4 (play 1 spin for foghorn or additional bubbles)","When any bubble reaches 2nd row from top (1 spin remaining)","**Option A ‚Äî Reels 2-3 (Most Valuable):** - Wild bubbles in reels 2 or 3 - Include ""sunrise"" bubbles below bottom row - Stop when bubble reaches 2nd row from top  **Option B ‚Äî Reels 1 + 4 Combo:** - Bubble in reel 1 AND bubble in reel 4 - Bubbles within 1-2 rows of each other - Stop when either reaches 2nd row from top  **Option C ‚Äî Sunrise Bubbles (Test Spin):** - Sunrise bubble in reel 1 or 4 - Play 1 spin to check for foghorn or additional bubbles  | Bubble Location | Action | |-----------------|--------| | Reels 2-3 (any row including sunrise) | ‚úÖ **Play** | | Reel 1 + Reel 4 (aligned) | ‚úÖ **Play** | | Sunrise in reel 1 or 4 | ‚úÖ **1 spin test** | | Reel 5 only | ‚ùå Skip (mostly worthless) |  ---","- Bubble reaches 2nd row from top (1 spin remaining)  ---"
"OCEAN MAGIC","counter-meter","high","$0.88","Wild bubbles in reels 1-4 (any row including sunrise bubbles below bottom row) | Same strategy for regular and Bubble Boost modes","All bubbles move off screen (check for sunrise bubbles below bottom row before leaving)","<strong>Primary Requirement:</strong> - Wild bubbles in **reels 1-4** (any row) - Include **sunrise bubbles** (below bottom row)  **Same Strategy for Both Modes:** - Regular mode ‚úÖ - Bubble Boost mode ‚úÖ  ‚ö†Ô∏è **CRITICAL:** Check for sunrise bubbles below bottom row‚Äîoften overlooked.  ---","- All bubbles move off screen - ‚ö†Ô∏è **CHECK:** Sunrise bubbles below bottom row before leaving  ---"
"Phoenix 888 Dragon","must-hit-by","low","$0.88","$500 MHB at $481+ | $5,000 MHB at $4,929+ (weighted to hit near top, realistic chance at $490+ and $4,990+)","After MHB jackpot hits (resets to $200 or $4,000)","| Progressive | Play At (Conservative) | |-------------|------------------------| | $500 MHB | ‚â• <strong>$481</strong> | | $5,000 MHB | ‚â• <strong>$4,929</strong> |  ‚ö†Ô∏è **CRITICAL:** Always **min bet** to reduce variance.  ---","- Jackpot hits - Progressive resets  ---"
"Piggy Bankin‚Äô","accumulation","medium","$0.88","3 or fewer pigs remaining (count large pig on top + smaller pigs below) | Verify you have the correct version matching the photos","After jackpot pick bonus triggers (lucky coin found)","<strong>Primary Requirement:</strong> - Total pigs remaining: ‚â§ <strong>3</strong>  <strong>Before Playing:</strong> - Verify game version matches guide photos - Count ALL pigs (top + bottom)  ‚ö†Ô∏è **IMPORTANT:** There are multiple versions of Piggy Bankin' (including Lock It Link). Ensure you have the correct version.  ---","- Jackpot pick bonus triggers (lucky coin found) - All pigs reset after bonus  ---"
"Pillars of Cash: Celestial Fortune / Festive Fortune","accumulation","medium","$0.88","2 or more gold dragons anywhere | 1 gold dragon in reel 1 or 5 at 10x+ bet | 1 gold dragon in reel 2 or 4 at 40x+ bet","After pillar prize is awarded (or spins expire without landing a coin)","**Note:** Can play gold dragons even without green dots‚Äîcoin resets counter.  **Option A ‚Äî Two Gold Dragons:** - <strong>2</strong> or more gold dragons anywhere  **Option B ‚Äî Single Gold Dragon (Reel 1 or 5):** - Prize at least <strong>10x</strong> bet  **Option C ‚Äî Single Gold Dragon (Reel 2 or 4):** - Prize at least <strong>40x</strong> bet  | Setup | Prize Threshold | Action | |-------|-----------------|--------| | 2+ gold dragons | Any | ‚úÖ **Play** | | 1 gold (reel 1/5) | <strong>10x+</strong> bet | ‚úÖ **Play** | | 1 gold (reel 2/4) | <strong>40x+</strong> bet | ‚úÖ **Play** | | 1 gold (reel 3) | ‚ùå Too difficult | Skip |  ---","- Pillar prize is awarded - Spins expire without landing a coin  ---"
"PINWHEEL PRIZES","multi-state","high","$0.88","10+ golden wedges in green + blue wheels combined | 15+ golden wedges total (check count on bet pad)","After golden wedge prize awarded (wedge resets to default) and remaining golden wedges fall below threshold","**Option A ‚Äî Green + Blue Focus:** - <strong>10+</strong> golden wedges in green + blue combined - (Green and blue are easiest to trigger)  **Option B ‚Äî Total Golden Wedges:** - <strong>15+</strong> golden wedges anywhere  **How to Check:** - Look directly on bet pad for golden wedge count - ‚ö†Ô∏è Number alone doesn't always indicate play‚Äîcheck distribution  ---","- Golden wedge prize awarded (wedge resets) - Remaining golden wedges fall below threshold  ---"
"POTS O","accumulation","medium","$0.88","Multipliers in reels 2+3 totaling 10x+ (count plain coins as 1x) | Active wilds in reels 2-3 | Active wilds in reel 4 with multiplier coins (2x or 3x) | VERIFY: background behind coins is ORANGE not green","After wild reel spins deplete (coins above reel empty)","**Option A ‚Äî Multiplier Setup:** - Multipliers in reels 2 + 3 totaling <strong>10x+</strong> - Count plain coins as 1x - Examples: 3x + 3x + 2x + 2x = 10x ‚úÖ  **Option B ‚Äî Active Wilds (Reels 2-3):** - Active wilds in reels 2 OR 3 - **VERIFY:** Orange background behind coins  **Option C ‚Äî Active Wilds (Reel 4):** - Active wilds in reel 4 - AND multiplier coins (2x or 3x) above reel - **VERIFY:** Orange background behind coins  ---","- Wild reel spins deplete (coins above reel empty)  ---"
"PUB SERIES","cycle-based","medium","$0.88","Full or half-full drink wilds in reels 2 or 3 | 3 or more active drink wilds in reel 4 | On-the-house meter halfway into last segment (ignore empty/near-empty glasses‚Äîthey leave next spin)","After all drink wilds empty and disappear from reels","**Option A ‚Äî Active Wilds (Reels 2-3):** - Full or half-full drink wilds in reels 2 OR 3  **Option B ‚Äî Active Wilds (Reel 4):** - <strong>3</strong> or more active drink wilds in reel 4  **Option C ‚Äî On-The-House Meter:** - Meter halfway into last full segment - Look for red showing in final segment - Located on bet pad  | Setup | Action | |-------|--------| | Active wilds in reel 2 or 3 | ‚úÖ **Play** | | 3+ active wilds in reel 4 | ‚úÖ **Play** | | Meter in last segment (red showing) | ‚úÖ **Play** | | Empty/near-empty glasses only | ‚ùå Skip |  ---","- All drink wilds empty and disappear from reels - Free games bonus triggers (if playing meter)  ---"
"RED SILK / AZTEC CHIEF","counter-meter","high","$0.88","Active wilds in first 3 reels only (gold border + 1-2 coins showing spins remaining)","After wild spins deplete (coin holders above reels empty)","**Primary Requirement:** - Active wilds (gold border + coins showing) in first <strong>3</strong> reels only  **Reel 4 Exception:** - Active wild in reel 4 with <strong>2</strong> spins remaining - AND <strong>2+</strong> coins already in first 3 reels - Play <strong>1</strong> spin only to try for second wild reel - Stop if no second coin lands  | Setup | Action | |-------|--------| | Active wild in reels 1-3 | ‚úÖ **Play** | | Reel 4 wild (2 spins) + 2 coins in reels 1-3 | ‚úÖ **1 spin test** | | Coins only (no active wilds) | ‚ùå Skip | | Reels 4-5 wilds only | ‚ùå Skip |  ---","- Wild spins deplete (coin holders empty) - Test spin fails to land second coin (reel 4 exception)  ---"
"Reef of Riches","counter-meter","high","$0.88","2 or fewer tiles remaining (check bet pad for count) | 0 tiles in 5th reel (rare but best opportunity)","After all 20 tiles shattered and bonus triggers","**Option A ‚Äî Low Tile Count:** - <strong>2</strong> or fewer tiles remaining anywhere - Check bet pad directly for count  **Option B ‚Äî Fifth Reel Clear:** - <strong>0</strong> tiles remaining in fifth reel - Rare but best opportunity (hardest tiles already gone)  | Tiles Remaining | Action | |-----------------|--------| | 0-2 anywhere | ‚úÖ **Play** | | 0 in reel 5 | ‚úÖ **Play** (best case) | | 3+ tiles | ‚ùå Skip |  ---","- All 20 tiles shattered and bonus triggers  ---"
"REEL CLIMB","counter-meter","high","$0.88","3 or fewer firecrackers total on reels 2+3 combined (count arrows as -1) | Any reel with glowing outline and number above (1 or 2) | Arrow symbol with only 1 firecracker remaining | MAX arrow on any reel","After all active reel spins complete (counter above reel reaches 0)","**Option A ‚Äî Low Firecracker Count:** - Reels 2 + 3 combined have <strong>3</strong> or fewer firecrackers - Count arrows as -1 - Examples: 1+1=2 ‚úÖ, 1+2=3 ‚úÖ, 2+2=4 ‚ùå  **Option B ‚Äî Active Reels:** - Any reel with glowing outline and number above (<strong>1</strong> or <strong>2</strong>)  **Option C ‚Äî Imminent Activation:** - <strong>1</strong> firecracker remaining + arrow symbol on reel - Reel will become active next spin  **Option D ‚Äî MAX Arrow:** - Any arrow symbol that says ""MAX"" - Explodes ALL firecrackers above that reel next spin  | Setup | Action | |-------|--------| | Reels 2+3 ‚â§ 3 firecrackers total | ‚úÖ **Play** | | Glowing reel with 1 or 2 counter | ‚úÖ **Play** | | 1 firecracker + arrow on reel | ‚úÖ **Play** | | MAX arrow anywhere | ‚úÖ **Play** | | Reels 2+3 > 3 firecrackers | ‚ùå Skip |  ---","- All active reel spins complete (counter above reel reaches 0)  ---"
"Regal Link: Lion / Raven","must-hit-by","low","$0.88","Silver 9+ | Amber 47+ | Sapphire 58+ | Amethyst 73+ | Emerald 98+ | Diamond 199+ (if 2 meters are close, play 1 number early on each)","After free games feature triggers and cash wilds are awarded","**Single Meter Thresholds:**  | Meter | Play At | Notes | |-------|---------|-------| | Silver (base game) | <strong>9+</strong> | Most common find | | Amber (orange) | <strong>47+</strong> | | | Sapphire (blue) | <strong>58+</strong> | | | Amethyst (purple) | <strong>73+</strong> | | | Emerald (green) | <strong>98+</strong> | | | Diamond (yellow) | <strong>199+</strong> | ‚ö†Ô∏è See warning below |  **Multiple Meter Bonus:** - If 2 meters are close to playable, play <strong>1</strong> number early on each - Example: 46 amber + 57 sapphire = ‚úÖ Play  ---","- Free games feature triggers and cash wilds are awarded  ---"
"REGAL RICHES / PROSPERITY PEARL","must-hit-by","low","$0.88","Blue 8+ or Purple 61+ or Green 84+ or Yellow 112+ | Check bet pad for purple/green/yellow meters, tap bet levels to see blue","After free games feature triggers and wilds are awarded","**Break-Even Thresholds (wait higher for more profit):**  | Progressive | Play At | Notes | |-------------|---------|-------| | Blue (base game) | <strong>8+</strong> | Most common find | | Purple (minor) | <strong>61+</strong> | Accumulates fastest | | Green (major) | <strong>84+</strong> | Accumulates slower | | Yellow (mega) | <strong>112+</strong> | ‚ö†Ô∏è Large bankroll required |  ---","- Free games feature triggers and wilds are awarded  ---"
"RICH LITTLE PIGGIES","must-hit-by","low","$0.88","Blue pig 24+ free games | 22+ if yellow pig is fat | 20+ if all 3 pigs are fat (3 chins = max/fat pig)","After triggering any pig feature","**Option A ‚Äî Blue Pig Only:** - Blue pig ‚â• <strong>24</strong> free games - Other pigs: Does not matter  **Option B ‚Äî Blue + Yellow:** - Blue pig ‚â• <strong>22</strong> free games - Yellow pig: Fat (3 chins)  **Option C ‚Äî All Pigs Fat:** - Blue pig ‚â• <strong>20</strong> free games - Yellow pig: Fat (3 chins) - Red pig: Fat (3 chins) - Visual: All 3 pigs squished together  ‚ö†Ô∏è **IMPORTANT:** These are uncapped progressives. If the setup doesn't clearly match, **do not play**.  ---","- Any pig feature triggers - Bankroll loss exceeds predetermined limit - Blue pig reaches 50+ without triggering (cut losses)  ---"
"RISING DIAMOND","counter-meter","high","$0.88","16807 ways (always play) | 7776 ways with 1+ spins remaining | Lower ways with diamonds (expand NEXT spin) | 7776 at 0 spins with 1 diamond | 3125 with 1 diamond | 1024 with 2 diamonds | 243 with 3 diamonds","After bonus feature triggers at max height (16807 ways)","**Always Play:** - <strong>16,807</strong> ways (always play)  **With Spins Remaining:** - <strong>7,776</strong> ways with <strong>1+</strong> spins remaining  **With Diamonds Visible (even at 0 spins):**  | Current Ways | Diamonds on Reels | Action | |--------------|-------------------|--------| | 7,776 | <strong>1+</strong> | ‚úÖ **Play** | | 3,125 | <strong>1+</strong> | ‚úÖ **Play** | | 1,024 | <strong>2+</strong> | ‚úÖ **Play** | | 243 | <strong>3</strong> | ‚úÖ **Play** (rare) |  ---","- Bonus feature triggers at max height (16,807 ways)  ---"
"Rising Phoenix","counter-meter","high","$0.88","3 flames + 24x total multipliers | 2 flames + 36x | 1 flame + 48x | 0 flames + 60x | Check bet pad for flame count and add all wedge multipliers (yellow wedges = 5x or higher)","After flame meter fills and wheel spins (triggered wedge resets to 2x)","**Check bet pad for flame count, then add all wedge multipliers:**  | Flames | Required Total Multipliers | |--------|---------------------------| | 3 | ‚â• <strong>24x</strong> (or 2+ wedges on fire) | | 2 | ‚â• <strong>36x</strong> | | 1 | ‚â• <strong>48x</strong> | | 0 | ‚â• <strong>60x</strong> |  **Wedge on Fire = 5x or higher (yellow flames visible)**  ---","- Flame meter fills and wheel spins - Triggered wedge resets to <strong>2x</strong> - Remaining multipliers fall below threshold  ---"
"River Dragons & Fire Wolf 2 Series (Forest/Winter Dragons, Wolf Queen)","must-hit-by","low","$30","$500 MHB at $486+ or $5,000 MHB at $4,920+ | Also applies to Fire Wolf 2, Forest Dragons, Winter Dragons, Wolf Queen","After MHB jackpot hits and resets","| Progressive | Play At | Notes | |-------------|---------|-------| | $500 MHB | <strong>$486+</strong> | Conservative threshold | | $5,000 MHB | <strong>$4,920+</strong> | Conservative threshold |  **Note:** These thresholds account for lower RTP settings. Wait higher for more profit.  ---","- MHB jackpot hits and resets  ---"
"Samurai Dynasty","counter-meter","high","$0.88","1 bonus symbol in top row | 2 bonus symbols in middle row | Avoid if 3 bonus symbols visible (bonus just triggered, symbols disappear next spin)","After free games bonus triggers","| Setup | Action | |-------|--------| | <strong>1</strong> bonus symbol in TOP row | ‚úÖ **Play** | | <strong>2</strong> bonus symbols in MIDDLE row | ‚úÖ **Play** | | <strong>3</strong> bonus symbols visible | ‚ùå **NEVER** (trap) |  ---","- Free games bonus triggers  ---"
"SCARAB / DIAMOND MANIA","accumulation","medium","$0.88","Game 9: 1+ frames in first 3 reels | Game 7-8: 2+ frames same row in first 3 reels | Game 5-6: 3+ frames same row in first 4 reels | Game 3-4: 4+ frames in first 3 reels | 3+ same row in first 4 | Game 1-2: 5+ frames in first 3 reels | 3+ same row in first 4 | Never play game 10 (wilds activate this spin)","After spin 10 completes (frames turn wild and board resets)","**Simplified Rule:** - Lots of frames on the LEFT (reels 1-3) - Preferably connected HORIZONTALLY (for 4-of-a-kind or 5-of-a-kind) - Further in cycle = Better  **Detailed Thresholds:**  | Spin | Frames Needed | Location | |------|---------------|----------| | 10 of 10 | ‚ùå **NEVER** | N/A | | 9 of 10 | <strong>1+</strong> | First 3 reels | | 8-7 of 10 | <strong>2+</strong> same row | First 3 reels | | 6-5 of 10 | <strong>3+</strong> same row | First 4 reels | | 4-3 of 10 | <strong>4+</strong> OR <strong>3+</strong> same row | First 3 reels OR first 4 (same row) | | 2-1 of 10 | <strong>5+</strong> OR <strong>3+</strong> same row | First 3 reels OR first 4 (same row) |  ---","- Spin 10 completes (frames turn wild, board resets)  ---"
"SCARAB GRAND","accumulation","medium","$0.88","Locked frames concentrated in first 3 reels, preferably aligned horizontally | Game 9: 2+ frames | Games 7-8: 3+ frames same row | Games 5-6: 5+ frames (or 3+ same row in first 4 reels) | Games 1-4: 6-7+ frames (or 4+ same row)","After spin 10 completes (all frames turn wild, then board resets)","","- Spin 10 completes - All frames turn wild - Board resets  ---"
"Sphinx 4D","counter-meter","high","$0.88","Wild spheres in reels 2-3 not on bottom row (most valuable) | Wild spheres in reels 1 or 4 in top 2 rows only","After wild sphere moves off bottom row or triggers expansion on lion/lioness symbol","**Reels 2-3 (Most Valuable):** - Wild sphere NOT on bottom row  **Reels 1 and 4:** - Wild sphere in **top two rows only**  | Reel | Position | Action | |------|----------|--------| | 2-3 | Top row | ‚úÖ **Play** | | 2-3 | Middle row | ‚úÖ **Play** | | 2-3 | Bottom row | ‚ùå Skip | | 1 or 4 | Top row | ‚úÖ **Play** | | 1 or 4 | 2nd from top | ‚úÖ **Play** | | 1 or 4 | Lower rows | ‚ùå Skip |  ---","- Wild sphere moves off bottom row - Sphere triggers expansion on lion/lioness - No spheres remain in playable positions  ---"
"SUMO KITTY / LUCHA KITTY","accumulation","medium","$0.88","6+ connected gold frames without credit values inside (empty frames only)","After coin lands in connected frames and credit value is awarded (frames disappear next spin)","| Setup | Action | |-------|--------| | <strong>6+</strong> connected gold frames (empty) | ‚úÖ **Play** | | Frames already contain credit values | ‚ùå Skip (already triggered) |  **Note:** Location doesn't matter - frames can be anywhere as long as connected.  ---","- Coin lands in connected frames and credit value is awarded - Frames disappear next spin  ---"
"Super Bowl Jackpots","cycle-based","medium","$26","2-Minute Drill active (red timer) + 1+ prizes in any of the 4 spots above reels | Check all bet levels (prizes stored separately)","After filling all 4 spots (prizes awarded) | After any spin lands with no prize (board clears)","**Simple Rule:** - 2-Minute Drill active (red timer) AND - <strong>1+</strong> prizes collected in any of the 4 spots  | Spots Filled | Action | |--------------|--------| | 1+ prizes | ‚úÖ **Play** | | 0 prizes | ‚ùå Skip |  **Variance Reduction:** - Avoid plays where total collected < bet size  ---","- All 4 spots filled (prizes awarded) - Any spin lands with no prize (board clears)  ---"
"Thor‚Äôs Thunder","counter-meter","high","$0.88","Storm Mode active (red text on bet pad for that bet level +","After Storm Mode ends (lasts up to 10 spins, ends randomly)","**Simple Check:** - Storm Mode active - Look for: ""Storm Mode"" displayed above reels - Look for: Red highlighted text on bet pad for that bet level  | Indicator | Action | |-----------|--------| | Red text on bet pad + ""Storm Mode"" above reels | ‚úÖ **Play** | | Normal text on bet pad | ‚ùå Skip |  ---","- Storm Mode ends (happens randomly, no way to predict)  ---"
"TIAN CI JIN LU","must-hit-by","low","$0.88","Middle progressive at $292+ out of $300 (meter above large coin at top) | Only this meter is MHB - ignore grand/major/minor/mini","After MHB jackpot hits","| Progressive | Play At | |-------------|---------| | Middle meter (above large coin) | <strong>$292+</strong> |  **Location:** Look at the progressive in the MIDDLE of the screen (above the large coin at top)  ---","- MHB jackpot hits  ---"
"Tic Tac Go","must-hit-by","low","$0.88","Total X+O values 27x+ bet (add ALL prizes on board) | Avoid full boards or 3-in-a-row (resets next spin) | Consider blocked colors when evaluating prize distribution | Rocket Rollup version: use bet pad amount, not main screen","After tic-tac-toe game won (3 in a row or draw) and board resets","**Primary Requirement:** - Total X + O values ‚â• <strong>27x</strong> bet size - Add ALL prizes on the board  **Rocket Rollup Version:** - Use bet pad amount (NOT main screen) - Main screen includes progressive contribution - Example: $0.75 bet pad ‚Üí Entry point = $20.25 (27x)  | Setup | Action | |-------|--------| | Total board value ‚â• 27x bet | ‚úÖ **Play** | | Full board (9 filled) | ‚ùå Skip (resets next spin) | | 3 in a row showing | ‚ùå Skip (resets next spin) |  ---","- Tic-tac-toe game won (3 in a row or draw) - Board resets next spin  ---"
"Top Up Fortunes: Flame / Ocean","counter-meter","high","$0.88","8+ yellow squares total (tap Paytable on bet pad if not showing) | 6+ yellow squares in first 3 reels | 3 vertical squares above any reel (Add Wild opportunity) | Only count squares with spins remaining (green counter) | 3 vertical at 0 spins counts as 2","After free games or hold & spin bonus triggers","**Reading Yellow Squares:** - Bet pad shows yellow squares = expanded positions - 3 vertical squares = 6-symbol tall reel (max) - Tap ""Paytable"" on bet pad if not showing - **CRITICAL:** Only count squares with spins remaining - 3 vertical at 0 spins = counts as 2  **Entry Points:**  | Setup | Action | |-------|--------| | <strong>8+</strong> yellow squares total | ‚úÖ **Play** | | <strong>6+</strong> yellow squares in first 3 reels | ‚úÖ **Play** | | <strong>3</strong> vertical squares above any reel | ‚úÖ **Play** (Add Wild opportunity) |  ---","- Free games bonus triggers - Hold & spin feature triggers  ---"
"TREASURE","counter-meter","high","$0.88","BLACK background (not green/blue) with any of: 1+ wild/panda/pirate symbol in reels 1-3 | Wild symbol in BOTH reels 4 and 5 | 400+ ways displayed | Treasure chest 1 space from key","When background turns green (Panda","**REQUIRED:** Background must be BLACK  **Plus ANY of the following:**  | Setup | Action | |-------|--------| | 1+ wild/panda/pirate in reels 1-3 | ‚úÖ **Play** | | Wild in BOTH reels 4 AND 5 | ‚úÖ **Play** | | 400+ ways displayed | ‚úÖ **Play** | | Treasure chest 1 space from key | ‚úÖ **Play** |  ---","- Background turns green (Panda's) or blue (Pirate's) - State resets next spin  ---"
"Ultra Rush Gold X: Bingwen / Wei Yi","accumulation","medium","$0.88","1 or more gold scatter symbols locked (check bet pad for all denominations)","After 5 scatter symbols trigger the bonus feature","| Setup | Action | |-------|--------| | <strong>1+</strong> gold scatter symbols collected | ‚úÖ **Play** |  **Check:** Look directly on bet pad for collected scatters  ---","- 5 scatter symbols trigger the bonus feature  ---"
"ULTRA RUSH GOLD","accumulation","medium","$0.88","2 or more gold scatters locked (check bet pad) | 1 gold scatter if wheel symbol or 20x+ credit value | Blue bubbles also count toward the 6 scatters needed","After hold & spin bonus triggers (6 total scatters collected)","**Option A ‚Äî Two Gold Scatters:** - <strong>2+</strong> gold scatters locked - Check bet pad  **Option B ‚Äî Single Valuable Gold:** - <strong>1</strong> gold scatter if:   - Wheel symbol type, OR   - Credit value ‚â• <strong>20x</strong> bet  **How to Check:** - Glance at bet pad for gold scatter count - Tap bet pad buttons to check other denominations  ---","- Hold & Spin bonus triggers (<strong>6</strong> total scatters) - All gold scatters expire  ---"
"UP SHOT","counter-meter","high","$0.88","Locked spins remaining above reel 2 or 4 showing","After bonus triggers (free spins or Upshot pinball feature) | Locked symbol disappears after 3rd spin","| Setup | Action | |-------|--------| | ""Spin 1 of 3"" showing above reel 2 or 4 | ‚úÖ **Play** | | ""Spin 2 of 3"" showing above reel 2 or 4 | ‚úÖ **Play** | | Icon visible on bet pad for any bet level | ‚úÖ **Play** |  **Note:** Message disappears after spin 3 - no more locked spins.  ---","- Bonus triggers (free spins or Upshot pinball feature) - Locked symbol disappears after 3rd spin  ---"
"Wheel of Fortune 4D Collector‚Äôs Edition","accumulation","medium","$0.88","Total prizes above all 5 reels = 70x+ bet (prefer values spread across reels 2 and 4) | Advanced: Weighted total = 45x+ bet (R1√ó0.7, R2√ó0.9, R3√ó0.5, R4√ó1.0, R5√ó0.33)","After Collect symbol triggers and prizes are awarded","**Simple Method:** - Total prizes above all 5 reels ‚â• <strong>70x</strong> bet - Prefer values spread across reels (not concentrated) - Best: Values in reels 2 and 4 (easiest to trigger) - Worst: Values mostly in reel 5 (avoid)  **Advanced Method (More Accurate):** - Multiply each reel's value by its weight:   - Reel 1 √ó 0.7   - Reel 2 √ó 0.9   - Reel 3 √ó 0.5   - Reel 4 √ó 1.0   - Reel 5 √ó 0.33 - Weighted total ‚â• <strong>45x</strong> bet  | Method | Threshold | |--------|-----------| | Simple (total prizes) | <strong>70x</strong> bet | | Advanced (weighted) | <strong>45x</strong> bet |  ---","- Collect symbol triggers and prizes are awarded  ---"
"WHEEL OF FORTUNE 4D","cycle-based","medium","$0.88","3+ yellow multipliers (6x or higher) totaling 24x+ | Any yellow multiplier up next (border directly to the left)","After triggering one yellow multiplier","**Option A ‚Äî Multiple Yellow Multipliers:** - <strong>3+</strong> yellow multipliers (6x or higher) - Total adds up to <strong>24x+</strong> - Examples: 8x+8x+8x=24x ‚úÖ, 6x+6x+12x=24x ‚úÖ  **Option B ‚Äî Yellow Up Next:** - Any yellow multiplier has border directly to the left - Play <strong>1</strong> spin only  | Setup | Action | |-------|--------| | 3+ yellow totaling 24x+ | ‚úÖ **Play** | | Yellow up next (border to left) | ‚úÖ **1 spin** | | Single yellow, not up next | ‚ùå Skip |  ---","- After triggering one yellow multiplier  ---"
"Wheel of Fortune Wild Spin","accumulation","medium","$0.88","Game 9: 1+ frame in first 3 reels | Game 8-7: 2+ frames in same row (first 3 reels) | Game 6-5: 3+ frames in same row (first 4 reels) | Game 4-3: 5+ frames in first 3 reels | 4 frames in same row | Game 2-1: 6+ frames in first 3 reels | 4 frames in same row | Never play Game 10","After spin 10 completes (all frames turn wild, board resets)","**Simplified Rule:** - Lots of frames on the LEFT (reels 1-3) - Preferably connected HORIZONTALLY - Further in cycle = Better  **Detailed Thresholds:**  | Spin | Frames Needed | Location | |------|---------------|----------| | 10 of 10 | ‚ùå **NEVER** | N/A | | 9 of 10 | <strong>1+</strong> | First 3 reels | | 8-7 of 10 | <strong>2+</strong> same row | First 3 reels | | 6-5 of 10 | <strong>3+</strong> same row | First 4 reels | | 4-3 of 10 | <strong>5+</strong> OR <strong>4</strong> same row | First 3 reels | | 2-1 of 10 | <strong>6+</strong> OR <strong>4</strong> same row | First 3 reels |  ---","- Spin 10 completes (frames turn wild, board resets)  ---"
"Wild Explosion: Get‚ÄòCha Gold / Get‚ÄòCha Money / Get‚ÄòCha Reward / Get‚ÄòCha Treasure","counter-meter","high","$0.88","Red wilds with countdown timer in reels 2 or 3 (any countdown value) | Red wilds in reel 4 with countdown of 2 or 3 (play for chance to land reel 2-3 wild) | Listen for ticking sound indicating active timers","After all red wild countdowns reach 0 and explode or fizzle (no red wilds remaining)","**Red wilds only under ""Wild Explosion"" bet levels on bet pad.**  | Red Wild Location | Countdown | Action | |-------------------|-----------|--------| | Reels 2 or 3 | Any (1, 2, or 3) | ‚úÖ **Play** | | Reel 4 | 2 or 3 | ‚úÖ **Play** (chance to land reel 2-3 wild) | | Reel 4 | 1 | ‚ùå Skip (not enough spins) |  ---","- All red wild countdowns reach 0 and explode or fizzle - No red wilds remaining  ---"
"Wild Force: Bison Sunrise / Midnight Wolf","counter-meter","high","$0.88","5+ frames connected horizontally starting from reel 1 (ignore frames showing","After Wild Spark triggers and connected frames turn wild","| Setup | Action | |-------|--------| | <strong>5+</strong> frames connected horizontally starting from reel 1 | ‚úÖ **Play** | | <strong>13+</strong> frames anywhere (regardless of connections) | ‚úÖ **Play** |  **General Guidelines (5-13 frames):** - Look for connected frames starting in reel 1 - Avoid frames concentrated on right side - Need 5 wilds in a payline for good payout - Paylines can be shaped, not just straight  ---","- Wild Spark triggers and connected frames turn wild  ---"
"Wish Mistress","accumulation","medium","$0.88","2 meters at 3 gems each (one spin away from double trigger) | 5+ combined blue and yellow gems (prioritize blue over yellow, avoid red-heavy setups)","After wild feature triggers and gem meter(s) reset to zero","**Option A ‚Äî Double Trigger Setup:** - <strong>2</strong> meters at <strong>3</strong> gems each - (One gem away from double trigger)  **Option B ‚Äî Blue + Yellow Focus:** - <strong>5+</strong> combined blue and yellow gems - (Prioritize blue over yellow, avoid red-heavy)  | Gems | Blue+Yellow | Action | |------|-------------|--------| | 3+3 (two meters) | Any | ‚úÖ **Play** | | Any | 5+ | ‚úÖ **Play** | | Single meter at 3 | Below 5 | ‚ùå Skip |  ---","- Wild feature triggers - Gem meter(s) reset to zero  ---"
"WIZARD RICHES","counter-meter","high","$0.88","DELAYED WILDS: 2+ connected purple-border symbols in first 4 reels, or 3 in first 3, or 4 in first 4 | COUNTDOWN JACKPOTS: 2 adjacent jackpot icons with yellow indicators remaining | LEFT BOOKCASE: 6x+ bet win in last 5 wins (top shelf = better odds, 4x+ acceptable) | RIGHT BOOKCASE: 4x+ multiplier with empty shelf inside purple border (not if Next Win already highlighted)","After delayed wilds trigger (1 spin only) | After multiplier applies to a win | After jackpot won","","- Delayed wilds trigger (1 spin only) - Multiplier applies to a win - Jackpot won  ---"
"WOLF PEAK / CAT PEAK / FU REN","counter-meter","high","$0.88","Yellow wilds with chevron arrows in reels 1-3 (any size) | Reel 4 yellow wilds only if they have 2x/3x multipliers | Check full wild rows for hidden arrow inside | Must insert money to check","After all yellow wilds fully expand and disappear","| Setup | Action | |-------|--------| | Yellow wilds in reels 1-3 (any size) | ‚úÖ **Play** | | Reel 4 yellow wilds with 2x/3x multiplier | ‚úÖ **Play** | | Reel 4 yellow wilds without multiplier | ‚ùå Skip | | Reel 5 wilds only | ‚ùå Skip | | Purple wilds only | ‚ùå Skip |  **CRITICAL:** Check full wild rows for hidden arrow inside - new wild can land on existing full row.  ---","- All yellow wilds fully expand and disappear  ---"
"WOLF RIDGE","counter-meter","high","$0.88","Free games, blue prizes, or 50x+ green prizes in reel 2 or 4 (1 spin to win) | Same valuable prizes in reels 3 AND 5 together (2 spins, 2 chances) | Blue prize in reel 5 (2 spins to reach Alpha reel for 3x multiplier)","After wolf symbol lands and prize collected | Target prize shifts off left side of screen","**Option A ‚Äî Reel 2 or 4 (1 Spin):** - Free games, blue prize, or green <strong>50x+</strong> in reel 2 or 4 - Play <strong>1</strong> spin  **Option B ‚Äî Reels 3 AND 5 (2 Spins):** - Valuable prizes in **both** reels 3 and 5 - Play <strong>2</strong> spins (2 chances to win on second spin)  **Option C ‚Äî Alpha Reel Setup:** - Any green prize in reel 4 ‚Üí Play <strong>1</strong> spin - Any blue prize in reel 5 ‚Üí Play <strong>2</strong> spins (reaches Alpha for 3x)  ---","- Wolf symbol lands and prize collected - Target prize shifts off left side of screen  ---"
"WOLF RUN ECLIPSE","must-hit-by","low","$0.88","Mini (blue) 30+ free games | Minor (purple) 40+ free games | Major (orange) 65+ free games | Never chase Mega (check bet pad for all counts)","After triggering free games feature for targeted meter","| Meter | Color | Free Games Threshold | |-------|-------|---------------------| | Mini | Blue | ‚â• <strong>30</strong> | | Minor | Purple | ‚â• <strong>40</strong> | | Major | Orange | ‚â• <strong>65</strong> | | Mega | Green | ‚ùå **NEVER** |  **How to Check:** - Look directly on bet pad - Shows free games count for all bet levels  ---","- Free games bonus triggers for targeted meter - You hit your loss limit (set one before playing)  ---"
"WU DRAGON / STAR GODDESS","counter-meter","high","$0.88","7+ frames in first 4 reels with 5+ in reels 2-3 | 6+ frames in first 4 reels with 3+ connected horizontally | 4+ frames in same row | Only check BOTTOM row bets (Portal Lock feature)","After fireball hits frame and all frames turn wild (frames disappear next spin)","**Option A ‚Äî Seven Frames:** - <strong>7+</strong> frames in first four reels - WITH <strong>5+</strong> frames in reels 2-3  **Option B ‚Äî Six Frames + Horizontal:** - <strong>6+</strong> frames in first four reels - WITH <strong>3+</strong> frames connected horizontally  **Option C ‚Äî Full Row:** - <strong>4+</strong> frames in same row - (Don't need to be connected)  | Frames in R1-4 | Reels 2-3 | Horizontal | Action | |----------------|-----------|------------|--------| | 7+ | 5+ | Any | ‚úÖ **Play** | | 6+ | Any | 3+ | ‚úÖ **Play** | | 4+ same row | Any | N/A | ‚úÖ **Play** |  ---","- Fireball hits frame - All frames turn wild - Frames disappear next spin  ---"
"Ying Cai Shen","accumulation","high","$0.88","Active wild on reel 3 (red banner | 2 coins below) | Active wilds on BOTH reels 4 and 5 | Reel 4 wild with 2 spins remaining + 1 coin in reel 3 (play 1 spin for potential double wild)","After wild reel(s) expire (banner gone, coins empty)","**Option A ‚Äî Reel 3 Active:** - Reel 3 has active wild - (2 coins below OR 1 coin + red banner)  **Option B ‚Äî Reels 4 AND 5 Active:** - **Both** reels 4 and 5 have active wilds  **Option C ‚Äî One-Spin Gamble:** - Reel 4 active with <strong>2</strong> spins remaining - AND <strong>1</strong> coin below reel 3 - Play **1 spin only** to try landing 2nd coin in reel 3 - If no coin lands ‚Üí Stop immediately  ---","- Wild reel(s) expire (banner gone, coins empty) - One-spin gamble failed (no coin landed in reel 3)  ---"
"ZODIAC LION / ZODIAC DRAGON","counter-meter","high","$0.88","4+ gold frames connected horizontally spanning reels 1-4 or 2-5 | 3+ horizontal frames starting in reel 1 or 2 with 8+ total connected | Avoid frames only in reels 3-4-5 with no connection to reels 1-2 | Check for Lion Spin Bonus leftovers (lion heads become frames next spin)","After lion/dragon head lands in a gold frame (all connected frames turn wild, then disappear next spin)","**Option A ‚Äî Four Horizontal Frames:** - <strong>4+</strong> gold frames connected horizontally - Must span reels 1-4 OR reels 2-5  **Option B ‚Äî Three Horizontal + Large Clump:** - <strong>3+</strong> horizontal frames starting in reel 1 or 2 - <strong>8+</strong> total connected frames in that clump  | Horizontal Span | Total Clump | Action | |-----------------|-------------|--------| | Reels 1-4 | Any | ‚úÖ **Play** | | Reels 2-5 | Any | ‚úÖ **Play** | | Reels 1-3 or 2-4 | 8+ | ‚úÖ **Play** | | Reels 3-5 only | Any | ‚ùå Skip |  ---","- Lion/dragon head lands in gold frame - All connected frames turn wild - Frames disappear next spin  ---"